Id,task_1,task_2
data/test/melanoma/ISIC_0012258.jpg,7.003980135777965e-05,0.5338069796562195
data/test/melanoma/ISIC_0012356.jpg,0.00014132871001493186,0.016090532764792442
data/test/melanoma/ISIC_0012369.jpg,0.15424463152885437,0.0010383917251601815
data/test/melanoma/ISIC_0012395.jpg,0.21370799839496613,0.0001493917516199872
data/test/melanoma/ISIC_0012425.jpg,0.19890932738780975,1.7134461813839152e-06
data/test/melanoma/ISIC_0012758.jpg,0.23139385879039764,4.2933980481073275e-13
data/test/melanoma/ISIC_0012989.jpg,0.9967257380485535,1.2656393266752275e-07
data/test/melanoma/ISIC_0013072.jpg,0.23200936615467072,0.9940431714057922
data/test/melanoma/ISIC_0013073.jpg,0.2482476383447647,0.7640135884284973
data/test/melanoma/ISIC_0013242.jpg,0.0022500609047710896,1.641828895060371e-08
data/test/melanoma/ISIC_0013277.jpg,0.003213678253814578,4.770713268875681e-10
data/test/melanoma/ISIC_0013321.jpg,4.113041018882768e-09,0.9999480247497559
data/test/melanoma/ISIC_0013374.jpg,0.714059054851532,2.5171459583361866e-07
data/test/melanoma/ISIC_0013411.jpg,0.007127249147742987,0.012318983674049377
data/test/melanoma/ISIC_0013414.jpg,0.00010054429731098935,2.4834234668702493e-09
data/test/melanoma/ISIC_0013455.jpg,0.8916141390800476,3.8130987256579374e-10
data/test/melanoma/ISIC_0013457.jpg,0.37943342328071594,8.968446429946653e-09
data/test/melanoma/ISIC_0013459.jpg,0.7684339880943298,0.00011106070451205596
data/test/melanoma/ISIC_0013472.jpg,0.5296487212181091,2.543486061767908e-07
data/test/melanoma/ISIC_0013473.jpg,0.9751399159431458,2.0716709059342975e-06
data/test/melanoma/ISIC_0013565.jpg,0.6041431427001953,0.5371057391166687
data/test/melanoma/ISIC_0013577.jpg,0.20528484880924225,1.9284645532025024e-05
data/test/melanoma/ISIC_0013588.jpg,4.707126572611742e-05,0.0002747028775047511
data/test/melanoma/ISIC_0013615.jpg,0.7732612490653992,1.4681406090844007e-10
data/test/melanoma/ISIC_0013617.jpg,0.00285951211117208,0.056248988956213
data/test/melanoma/ISIC_0013636.jpg,0.8986010551452637,1.914832008231837e-11
data/test/melanoma/ISIC_0013678.jpg,0.6085254549980164,0.9871239066123962
data/test/melanoma/ISIC_0013696.jpg,2.695005321129429e-07,0.0001445895031793043
data/test/melanoma/ISIC_0013733.jpg,0.44064244627952576,0.00012878856796305627
data/test/melanoma/ISIC_0013739.jpg,0.0014422062085941434,0.013268955983221531
data/test/melanoma/ISIC_0013766.jpg,0.557946503162384,2.728051985700919e-11
data/test/melanoma/ISIC_0013767.jpg,0.1019015982747078,5.454943607929863e-09
data/test/melanoma/ISIC_0013813.jpg,0.3175649046897888,0.7260288596153259
data/test/melanoma/ISIC_0013814.jpg,0.9544921517372131,0.27906176447868347
data/test/melanoma/ISIC_0013833.jpg,0.887127697467804,0.0002386082342127338
data/test/melanoma/ISIC_0013842.jpg,0.040741175413131714,7.425948297168361e-06
data/test/melanoma/ISIC_0013867.jpg,0.5984106659889221,1.790850578942127e-09
data/test/melanoma/ISIC_0013908.jpg,0.23911868035793304,1.9739077288249973e-06
data/test/melanoma/ISIC_0013917.jpg,0.3167443871498108,7.685873242735397e-06
data/test/melanoma/ISIC_0013925.jpg,0.41895604133605957,0.9999882578849792
data/test/melanoma/ISIC_0013948.jpg,0.2598123252391815,0.8380871415138245
data/test/melanoma/ISIC_0013953.jpg,0.019214080646634102,0.0002781479270197451
data/test/melanoma/ISIC_0013987.jpg,0.6252782344818115,1.4388297131517902e-05
data/test/melanoma/ISIC_0013988.jpg,0.015083781443536282,0.08586040884256363
data/test/melanoma/ISIC_0014027.jpg,0.00022842692851554602,0.6883880496025085
data/test/melanoma/ISIC_0014059.jpg,0.06327413767576218,3.459020014862091e-10
data/test/melanoma/ISIC_0014077.jpg,0.9325000643730164,4.785934848428042e-08
data/test/melanoma/ISIC_0014103.jpg,0.3809703290462494,1.4290309081843589e-05
data/test/melanoma/ISIC_0014110.jpg,0.5899996161460876,2.0760983210355022e-11
data/test/melanoma/ISIC_0014129.jpg,0.6794252991676331,3.115039532985975e-07
data/test/melanoma/ISIC_0014148.jpg,0.3722400963306427,9.117240296063756e-09
data/test/melanoma/ISIC_0014160.jpg,0.959313154220581,0.0040987469255924225
data/test/melanoma/ISIC_0014181.jpg,0.6248248219490051,0.0008760528289712965
data/test/melanoma/ISIC_0014186.jpg,5.336471176065061e-08,0.43133124709129333
data/test/melanoma/ISIC_0014219.jpg,0.49771103262901306,9.039828000823036e-05
data/test/melanoma/ISIC_0014221.jpg,0.029647989198565483,0.785605251789093
data/test/melanoma/ISIC_0014233.jpg,0.0003343432617839426,0.6448476910591125
data/test/melanoma/ISIC_0014255.jpg,0.0010431226110085845,2.00957219931297e-06
data/test/melanoma/ISIC_0014270.jpg,0.00016874982975423336,8.63065707790156e-09
data/test/melanoma/ISIC_0014284.jpg,0.004411273170262575,3.295588468787969e-09
data/test/melanoma/ISIC_0014288.jpg,5.141539440955967e-05,0.013756557367742062
data/test/melanoma/ISIC_0014319.jpg,0.7474217414855957,1.7608967617377402e-09
data/test/melanoma/ISIC_0014336.jpg,0.6359431743621826,3.593086006503654e-08
data/test/melanoma/ISIC_0014349.jpg,0.8750958442687988,4.025159857658743e-16
data/test/melanoma/ISIC_0014369.jpg,0.546546459197998,3.166135502397083e-05
data/test/melanoma/ISIC_0014423.jpg,0.0006054072291590273,0.06541839241981506
data/test/melanoma/ISIC_0014434.jpg,0.00023148120089899749,0.6985315680503845
data/test/melanoma/ISIC_0014454.jpg,0.0009462993475608528,0.03217526152729988
data/test/melanoma/ISIC_0014478.jpg,0.8658248782157898,9.528365076116874e-12
data/test/melanoma/ISIC_0014489.jpg,0.0005803130916319788,4.2572926872708194e-07
data/test/melanoma/ISIC_0014506.jpg,0.9910277724266052,7.172031928348588e-07
data/test/melanoma/ISIC_0014513.jpg,0.28175440430641174,2.46433859985018e-08
data/test/melanoma/ISIC_0014541.jpg,0.9815329909324646,3.4753877553583834e-10
data/test/melanoma/ISIC_0014542.jpg,0.5411658883094788,0.18697090446949005
data/test/melanoma/ISIC_0014546.jpg,0.4743026793003082,0.017733776941895485
data/test/melanoma/ISIC_0014548.jpg,0.43899545073509216,2.318681026736158e-06
data/test/melanoma/ISIC_0014559.jpg,0.9876627326011658,0.00035682853194884956
data/test/melanoma/ISIC_0014663.jpg,0.7730729579925537,2.418044687146903e-06
data/test/melanoma/ISIC_0014666.jpg,0.8696689605712891,0.029210930690169334
data/test/melanoma/ISIC_0014695.jpg,0.003570074448361993,0.9978792071342468
data/test/melanoma/ISIC_0014703.jpg,0.7861983776092529,1.789168322829937e-06
data/test/melanoma/ISIC_0014727.jpg,0.21531744301319122,0.9059284329414368
data/test/melanoma/ISIC_0014766.jpg,0.7056818604469299,1.2845052310694882e-07
data/test/melanoma/ISIC_0014772.jpg,0.0006409384659491479,0.00025777326663956046
data/test/melanoma/ISIC_0014784.jpg,0.6809680461883545,0.03173442929983139
data/test/melanoma/ISIC_0014790.jpg,0.19484294950962067,5.767357652075589e-05
data/test/melanoma/ISIC_0014800.jpg,0.7782580852508545,3.242089405830484e-06
data/test/melanoma/ISIC_0014826.jpg,0.05792439356446266,1.7745819604897406e-06
data/test/melanoma/ISIC_0014862.jpg,0.5657091736793518,3.121721492416185e-10
data/test/melanoma/ISIC_0014872.jpg,0.00024109637888614088,0.5525060296058655
data/test/melanoma/ISIC_0014883.jpg,0.9233601093292236,1.3641859197832673e-07
data/test/melanoma/ISIC_0014912.jpg,0.976940929889679,1.2183569708668074e-07
data/test/melanoma/ISIC_0014928.jpg,1.7441940144635737e-05,1.8194896977963282e-11
data/test/melanoma/ISIC_0014932.jpg,0.847449541091919,5.515087104868144e-05
data/test/melanoma/ISIC_0014963.jpg,0.9450281262397766,6.093248998695344e-07
data/test/melanoma/ISIC_0014982.jpg,0.7633494734764099,0.0001625748845981434
data/test/melanoma/ISIC_0015004.jpg,0.37935003638267517,4.826351940323548e-08
data/test/melanoma/ISIC_0015041.jpg,0.903514564037323,9.209377793695239e-08
data/test/melanoma/ISIC_0015046.jpg,0.3758295774459839,2.8709817509464663e-11
data/test/melanoma/ISIC_0015050.jpg,0.08573049306869507,7.055744208628312e-05
data/test/melanoma/ISIC_0015071.jpg,0.8562464714050293,1.7145292076747864e-05
data/test/melanoma/ISIC_0015115.jpg,0.7670368552207947,1.3788300501360595e-09
data/test/melanoma/ISIC_0015119.jpg,0.5557814240455627,0.019371272996068
data/test/melanoma/ISIC_0015127.jpg,0.9289581179618835,2.836927741334261e-11
data/test/melanoma/ISIC_0015132.jpg,0.8830233216285706,8.88569839929687e-09
data/test/melanoma/ISIC_0015133.jpg,0.8308121562004089,0.00027272271108813584
data/test/melanoma/ISIC_0015136.jpg,0.7142612934112549,3.040713636437431e-06
data/test/melanoma/ISIC_0015142.jpg,0.2129843831062317,0.0009818840771913528
data/test/melanoma/ISIC_0015156.jpg,0.5792660713195801,0.0022356996778398752
data/test/melanoma/ISIC_0015163.jpg,0.49286985397338867,2.569128992035985e-05
data/test/melanoma/ISIC_0015167.jpg,0.8198203444480896,0.0046624368987977505
data/test/melanoma/ISIC_0015180.jpg,0.033513911068439484,0.013502015732228756
data/test/melanoma/ISIC_0015185.jpg,0.6674144268035889,4.505113338382216e-06
data/test/melanoma/ISIC_0015193.jpg,0.20907147228717804,0.0004796886059921235
data/test/melanoma/ISIC_0015206.jpg,0.5506854057312012,3.1866956989867745e-11
data/test/melanoma/ISIC_0015229.jpg,0.8220334053039551,0.0005290210829116404
data/test/melanoma/ISIC_0015251.jpg,0.5411455631256104,1.8763854313874617e-05
data/test/nevus/ISIC_0012092.jpg,0.07602528482675552,9.739725869825004e-16
data/test/nevus/ISIC_0012095.jpg,0.009404709562659264,2.291498241158152e-10
data/test/nevus/ISIC_0012147.jpg,2.1768579244962893e-05,2.6924287799268143e-10
data/test/nevus/ISIC_0012149.jpg,1.1113021400888101e-06,0.40038159489631653
data/test/nevus/ISIC_0012152.jpg,9.395437518833205e-05,0.00027162235346622765
data/test/nevus/ISIC_0012216.jpg,0.17748267948627472,0.0014222022145986557
data/test/nevus/ISIC_0012357.jpg,0.5212287902832031,0.2852018177509308
data/test/nevus/ISIC_0012484.jpg,4.1474390144458084e-08,0.9998288750648499
data/test/nevus/ISIC_0012493.jpg,0.027783652767539024,4.460188574739732e-05
data/test/nevus/ISIC_0012551.jpg,1.6527274055988528e-06,1.5332703696913086e-05
data/test/nevus/ISIC_0012654.jpg,1.1642642675724346e-05,8.873484412530441e-12
data/test/nevus/ISIC_0012656.jpg,0.15570925176143646,0.056160952895879745
data/test/nevus/ISIC_0012708.jpg,3.474874061453262e-14,6.187284906644663e-09
data/test/nevus/ISIC_0012722.jpg,2.0374162079672686e-10,0.0038890072610229254
data/test/nevus/ISIC_0012803.jpg,8.740866906009614e-05,0.9452247023582458
data/test/nevus/ISIC_0012836.jpg,5.576495141212945e-07,5.812138530875144e-12
data/test/nevus/ISIC_0012837.jpg,7.065159479680005e-08,3.565441147657111e-05
data/test/nevus/ISIC_0012903.jpg,1.1562926260921813e-07,2.7406571234678268e-08
data/test/nevus/ISIC_0012904.jpg,2.3671759663557168e-08,0.0001893271692097187
data/test/nevus/ISIC_0012941.jpg,2.1271080383189478e-11,0.84665447473526
data/test/nevus/ISIC_0012967.jpg,1.2615464228815654e-12,0.44342079758644104
data/test/nevus/ISIC_0013045.jpg,7.864285294090223e-07,4.762703721420564e-18
data/test/nevus/ISIC_0013070.jpg,0.0005931028863415122,5.026941085617409e-09
data/test/nevus/ISIC_0013109.jpg,0.0034046813379973173,2.1643095302059656e-11
data/test/nevus/ISIC_0013159.jpg,8.644292393000796e-06,0.5708895325660706
data/test/nevus/ISIC_0013164.jpg,3.37435830145838e-12,1.6752792362240143e-05
data/test/nevus/ISIC_0013176.jpg,9.349412835035764e-07,2.0023687152814773e-09
data/test/nevus/ISIC_0013191.jpg,6.643735783740112e-09,0.035674069076776505
data/test/nevus/ISIC_0013216.jpg,0.0020612154621630907,0.00011261238978477195
data/test/nevus/ISIC_0013226.jpg,3.960125838364803e-10,0.09011230617761612
data/test/nevus/ISIC_0013230.jpg,1.308213342099407e-07,2.195453951969739e-08
data/test/nevus/ISIC_0013269.jpg,9.158733155345544e-05,9.97648722883977e-18
data/test/nevus/ISIC_0013291.jpg,0.08582630753517151,3.9560406139100765e-14
data/test/nevus/ISIC_0013325.jpg,1.5332899749864737e-07,0.11316856741905212
data/test/nevus/ISIC_0013399.jpg,4.02080368999691e-09,3.1851186577114277e-07
data/test/nevus/ISIC_0013416.jpg,1.4426617553908727e-06,3.3799031484704756e-07
data/test/nevus/ISIC_0013511.jpg,0.00653381273150444,2.3928128939587623e-05
data/test/nevus/ISIC_0013512.jpg,0.0014887680299580097,4.435824394022347e-06
data/test/nevus/ISIC_0013529.jpg,0.044461023062467575,1.7442298690453772e-12
data/test/nevus/ISIC_0013600.jpg,0.1799030303955078,1.1135838029474598e-08
data/test/nevus/ISIC_0013602.jpg,0.04061843082308769,1.583637458679732e-05
data/test/nevus/ISIC_0013738.jpg,4.719967083843812e-09,7.967822057253215e-06
data/test/nevus/ISIC_0013794.jpg,1.9079691160328593e-09,9.01930236768024e-14
data/test/nevus/ISIC_0013809.jpg,0.1572331339120865,1.6452764839414158e-06
data/test/nevus/ISIC_0013891.jpg,7.623225246788934e-05,1.3311369002622087e-05
data/test/nevus/ISIC_0013897.jpg,0.0029145486187189817,0.0029572786297649145
data/test/nevus/ISIC_0013911.jpg,3.7000579595769523e-06,5.347695605451008e-06
data/test/nevus/ISIC_0013966.jpg,1.2382691238599364e-05,0.0018131037941202521
data/test/nevus/ISIC_0013998.jpg,5.963022999821987e-07,8.077237907855306e-06
data/test/nevus/ISIC_0014090.jpg,4.279472420876118e-07,0.006863576825708151
data/test/nevus/ISIC_0014117.jpg,1.0421165825391654e-05,5.939450930321673e-15
data/test/nevus/ISIC_0014470.jpg,8.934098578126937e-13,0.974317729473114
data/test/nevus/ISIC_0014675.jpg,0.028742119669914246,5.6650073521069544e-11
data/test/nevus/ISIC_0014677.jpg,0.0016425984213128686,9.3782800831832e-06
data/test/nevus/ISIC_0014687.jpg,0.24488961696624756,3.151319916128159e-08
data/test/nevus/ISIC_0014693.jpg,0.0004011205455753952,0.1227879524230957
data/test/nevus/ISIC_0014697.jpg,2.914483729909989e-06,0.0329982228577137
data/test/nevus/ISIC_0014698.jpg,2.5261940663767746e-06,7.078038470353931e-05
data/test/nevus/ISIC_0014720.jpg,0.10012971609830856,1.857280409467421e-07
data/test/nevus/ISIC_0014725.jpg,0.0023311334662139416,1.7405048235996645e-10
data/test/nevus/ISIC_0014728.jpg,0.01068946998566389,7.374738402177172e-07
data/test/nevus/ISIC_0014729.jpg,0.0017315796576440334,0.8874830603599548
data/test/nevus/ISIC_0014740.jpg,0.40187326073646545,0.162392720580101
data/test/nevus/ISIC_0014743.jpg,0.04286812245845795,0.00396583741530776
data/test/nevus/ISIC_0014746.jpg,0.10334008932113647,0.0022861517500132322
data/test/nevus/ISIC_0014749.jpg,0.007692933082580566,1.6335617303298022e-08
data/test/nevus/ISIC_0014753.jpg,0.4417792558670044,2.3253882375229296e-07
data/test/nevus/ISIC_0014755.jpg,0.8201797008514404,0.0001155873978859745
data/test/nevus/ISIC_0014765.jpg,2.954728370241355e-05,6.147684444846035e-11
data/test/nevus/ISIC_0014768.jpg,9.651196887716651e-05,4.1449181868886964e-13
data/test/nevus/ISIC_0014773.jpg,1.3450294318317901e-06,1.56603046502779e-11
data/test/nevus/ISIC_0014780.jpg,0.011914731003344059,1.282936750612862e-06
data/test/nevus/ISIC_0014786.jpg,0.733898401260376,0.23322604596614838
data/test/nevus/ISIC_0014787.jpg,0.05818288400769234,0.4959450662136078
data/test/nevus/ISIC_0014792.jpg,2.582573506515473e-05,0.6528357863426208
data/test/nevus/ISIC_0014796.jpg,0.001411902136169374,2.8103521287903277e-08
data/test/nevus/ISIC_0014798.jpg,0.013806033879518509,1.0450992249388946e-07
data/test/nevus/ISIC_0014807.jpg,0.3225339651107788,6.203292741702171e-06
data/test/nevus/ISIC_0014814.jpg,0.0004905982059426606,1.9073149815085344e-07
data/test/nevus/ISIC_0014815.jpg,0.10901380330324173,1.826697430470925e-13
data/test/nevus/ISIC_0014820.jpg,0.00010363548062741756,9.860815497475528e-10
data/test/nevus/ISIC_0014822.jpg,2.22834714804776e-05,8.596889311540679e-10
data/test/nevus/ISIC_0014833.jpg,0.0006988491513766348,0.6520860195159912
data/test/nevus/ISIC_0014835.jpg,0.593315064907074,4.877879697384735e-11
data/test/nevus/ISIC_0014844.jpg,0.000425824400736019,3.536431980588617e-10
data/test/nevus/ISIC_0014853.jpg,0.00017147463222499937,4.1670597528131736e-11
data/test/nevus/ISIC_0014854.jpg,0.0027724476531147957,5.816001458214259e-09
data/test/nevus/ISIC_0014863.jpg,0.004570814315229654,6.966101864236407e-07
data/test/nevus/ISIC_0014867.jpg,1.0605285751807969e-05,7.273818482644856e-06
data/test/nevus/ISIC_0014868.jpg,0.006202287971973419,0.4762673079967499
data/test/nevus/ISIC_0014876.jpg,0.00017037052020896226,3.465939641955629e-07
data/test/nevus/ISIC_0014879.jpg,1.8348263211009908e-06,4.541606962907123e-16
data/test/nevus/ISIC_0014901.jpg,0.08041932433843613,2.206461886089528e-06
data/test/nevus/ISIC_0014907.jpg,1.4870530549160321e-06,0.0002875946229323745
data/test/nevus/ISIC_0014910.jpg,0.5141043066978455,3.563642678727774e-07
data/test/nevus/ISIC_0014921.jpg,0.04164081811904907,1.5057148583519364e-10
data/test/nevus/ISIC_0014927.jpg,0.024860858917236328,8.247309324360685e-08
data/test/nevus/ISIC_0014936.jpg,0.0006675426848232746,1.0109343362429968e-09
data/test/nevus/ISIC_0014938.jpg,0.2898377478122711,6.191252737153263e-07
data/test/nevus/ISIC_0014940.jpg,0.022455314174294472,1.8731008768774898e-13
data/test/nevus/ISIC_0014941.jpg,0.20339001715183258,1.6203938274926186e-15
data/test/nevus/ISIC_0014942.jpg,0.00010481646313564852,1.5578964507323434e-10
data/test/nevus/ISIC_0014943.jpg,0.011910621076822281,6.268681573828871e-08
data/test/nevus/ISIC_0014944.jpg,1.0880870604523807e-06,3.6425016648744535e-12
data/test/nevus/ISIC_0014947.jpg,0.02553766779601574,2.966532690606982e-07
data/test/nevus/ISIC_0014948.jpg,0.9851277470588684,8.078719559989622e-08
data/test/nevus/ISIC_0014949.jpg,0.003501678118482232,2.3433491258550987e-11
data/test/nevus/ISIC_0014952.jpg,0.012881937436759472,3.0992699517895517e-09
data/test/nevus/ISIC_0014955.jpg,0.45845723152160645,4.0819472801878476e-10
data/test/nevus/ISIC_0014956.jpg,0.6271111965179443,8.399018459892549e-12
data/test/nevus/ISIC_0014957.jpg,4.969591600456624e-07,2.210648375466917e-08
data/test/nevus/ISIC_0014958.jpg,0.08553829044103622,1.0897277746835243e-07
data/test/nevus/ISIC_0014959.jpg,0.00023594369122292846,1.17447121472658e-10
data/test/nevus/ISIC_0014961.jpg,0.06539119780063629,8.628347103467604e-08
data/test/nevus/ISIC_0014962.jpg,0.036685436964035034,3.2785254006739706e-05
data/test/nevus/ISIC_0014964.jpg,0.2215505838394165,5.152644089179148e-09
data/test/nevus/ISIC_0014966.jpg,0.5562012791633606,1.4724466979032513e-08
data/test/nevus/ISIC_0014968.jpg,0.6428580284118652,1.0873328193383713e-07
data/test/nevus/ISIC_0014969.jpg,0.2748042643070221,2.770090759440791e-06
data/test/nevus/ISIC_0014973.jpg,0.07462934404611588,6.365322769852355e-05
data/test/nevus/ISIC_0014974.jpg,0.5617903470993042,4.963655101164477e-06
data/test/nevus/ISIC_0014977.jpg,0.05975033715367317,1.6383692091805763e-13
data/test/nevus/ISIC_0014992.jpg,0.004264471121132374,1.7132296969979421e-10
data/test/nevus/ISIC_0014994.jpg,7.798566912242677e-06,0.12452831119298935
data/test/nevus/ISIC_0014998.jpg,0.009604566730558872,0.010106814093887806
data/test/nevus/ISIC_0015002.jpg,0.05697517469525337,0.7437564730644226
data/test/nevus/ISIC_0015003.jpg,0.035858187824487686,6.5031931626435835e-06
data/test/nevus/ISIC_0015007.jpg,1.2062922394306952e-07,0.00013072053843643516
data/test/nevus/ISIC_0015008.jpg,0.0010668219765648246,0.0061342851258814335
data/test/nevus/ISIC_0015009.jpg,0.0513722188770771,0.0004195820074528456
data/test/nevus/ISIC_0015011.jpg,0.001146686845459044,0.007661394774913788
data/test/nevus/ISIC_0015013.jpg,0.16402888298034668,0.000296767771942541
data/test/nevus/ISIC_0015015.jpg,0.02474931627511978,9.905042475111259e-08
data/test/nevus/ISIC_0015016.jpg,4.267403346602805e-05,0.0010877264430746436
data/test/nevus/ISIC_0015018.jpg,0.0002518911787774414,6.488666937087828e-09
data/test/nevus/ISIC_0015019.jpg,0.04817071557044983,0.00028753283550031483
data/test/nevus/ISIC_0015020.jpg,0.296051561832428,2.289469280825074e-09
data/test/nevus/ISIC_0015021.jpg,8.267017983598635e-05,6.762990665265534e-07
data/test/nevus/ISIC_0015023.jpg,0.026614604517817497,8.805268976175284e-07
data/test/nevus/ISIC_0015026.jpg,0.0026790176052600145,0.20769543945789337
data/test/nevus/ISIC_0015030.jpg,0.05681206285953522,3.740450449374322e-10
data/test/nevus/ISIC_0015031.jpg,0.0003149305994156748,0.9993643760681152
data/test/nevus/ISIC_0015034.jpg,0.17428666353225708,1.7255108453184675e-09
data/test/nevus/ISIC_0015035.jpg,0.0002815178013406694,0.23159869015216827
data/test/nevus/ISIC_0015037.jpg,0.06734510511159897,1.726839764160104e-05
data/test/nevus/ISIC_0015040.jpg,5.165498350834241e-06,3.0953859209148504e-07
data/test/nevus/ISIC_0015051.jpg,0.008635623380541801,1.0616246548522668e-08
data/test/nevus/ISIC_0015056.jpg,0.4823160171508789,0.3613775074481964
data/test/nevus/ISIC_0015057.jpg,0.15612097084522247,1.078132186194125e-06
data/test/nevus/ISIC_0015060.jpg,0.004274055827409029,6.118571361374281e-12
data/test/nevus/ISIC_0015064.jpg,0.14144201576709747,0.19617857038974762
data/test/nevus/ISIC_0015078.jpg,0.0054702614434063435,0.0007345217745751143
data/test/nevus/ISIC_0015089.jpg,0.06962589174509048,0.16473962366580963
data/test/nevus/ISIC_0015102.jpg,0.44790396094322205,0.0011753614526242018
data/test/nevus/ISIC_0015118.jpg,0.019158117473125458,0.28825053572654724
data/test/nevus/ISIC_0015125.jpg,0.0010254806838929653,1.3451612709524112e-15
data/test/nevus/ISIC_0015129.jpg,0.9147669672966003,0.012393638491630554
data/test/nevus/ISIC_0015130.jpg,0.03351592645049095,9.839109793574607e-08
data/test/nevus/ISIC_0015139.jpg,4.04678939958103e-05,4.1223738311835234e-10
data/test/nevus/ISIC_0015140.jpg,0.05440816283226013,0.23456496000289917
data/test/nevus/ISIC_0015146.jpg,0.043173689395189285,4.913245366111596e-09
data/test/nevus/ISIC_0015149.jpg,0.8954510688781738,5.3470016609935556e-06
data/test/nevus/ISIC_0015150.jpg,0.051821280270814896,4.793955010740092e-09
data/test/nevus/ISIC_0015152.jpg,0.0005823744577355683,0.0006015218677930534
data/test/nevus/ISIC_0015155.jpg,0.00010446945816511288,4.2272662540199235e-05
data/test/nevus/ISIC_0015157.jpg,0.0005094727966934443,7.957297931682206e-09
data/test/nevus/ISIC_0015160.jpg,4.020075650146282e-08,0.00297390203922987
data/test/nevus/ISIC_0015161.jpg,1.3720592733079684e-06,0.0009697768837213516
data/test/nevus/ISIC_0015171.jpg,0.00017874559853225946,0.7702374458312988
data/test/nevus/ISIC_0015173.jpg,0.015179790556430817,0.0009195089805871248
data/test/nevus/ISIC_0015174.jpg,0.0006932473625056446,1.6601926517978427e-06
data/test/nevus/ISIC_0015175.jpg,0.03819044679403305,1.5953372667354415e-06
data/test/nevus/ISIC_0015176.jpg,0.14313195645809174,1.8248852938995697e-05
data/test/nevus/ISIC_0015179.jpg,0.04733339324593544,9.340186807094142e-05
data/test/nevus/ISIC_0015184.jpg,0.006556549575179815,5.406321292866778e-07
data/test/nevus/ISIC_0015201.jpg,0.047012895345687866,2.343768928936285e-11
data/test/nevus/ISIC_0015202.jpg,0.008987409062683582,1.2437194286604725e-12
data/test/nevus/ISIC_0015203.jpg,0.15790779888629913,0.00021196110174059868
data/test/nevus/ISIC_0015207.jpg,4.276106847100891e-05,0.6668848991394043
data/test/nevus/ISIC_0015208.jpg,0.1776912659406662,7.850743492798795e-12
data/test/nevus/ISIC_0015212.jpg,2.537034333727206e-07,2.1304198300777476e-14
data/test/nevus/ISIC_0015215.jpg,0.019951246678829193,4.6907477901925176e-11
data/test/nevus/ISIC_0015216.jpg,0.01390767376869917,0.04686199501156807
data/test/nevus/ISIC_0015217.jpg,3.640718205133453e-06,1.0468787081663322e-07
data/test/nevus/ISIC_0015218.jpg,0.0038388296961784363,5.917965770207978e-13
data/test/nevus/ISIC_0015223.jpg,0.0006374886725097895,2.1966188590294422e-10
data/test/nevus/ISIC_0015224.jpg,0.00012218089250382036,0.059898048639297485
data/test/nevus/ISIC_0015226.jpg,1.3054755982011557e-05,7.600863827228466e-10
data/test/nevus/ISIC_0015232.jpg,0.0005529162590391934,3.031583901247359e-06
data/test/nevus/ISIC_0015237.jpg,0.8464884161949158,4.893929599347757e-06
data/test/nevus/ISIC_0015241.jpg,2.5233015676917603e-08,1.1170622066236646e-10
data/test/nevus/ISIC_0015244.jpg,0.06255026906728745,0.00022750005882699043
data/test/nevus/ISIC_0015245.jpg,1.0885969459195621e-07,0.0015160240000113845
data/test/nevus/ISIC_0015250.jpg,0.18812942504882812,2.709594991756603e-05
data/test/nevus/ISIC_0015254.jpg,0.0020707231014966965,7.203776021924568e-06
data/test/nevus/ISIC_0015255.jpg,0.3940434157848358,0.25249895453453064
data/test/nevus/ISIC_0015258.jpg,0.3276331126689911,0.03781713917851448
data/test/nevus/ISIC_0015264.jpg,2.042928715084713e-09,0.01669006608426571
data/test/nevus/ISIC_0015270.jpg,0.11668762564659119,4.291447112336755e-05
data/test/nevus/ISIC_0015273.jpg,2.6063993573188782e-05,3.4923744451909045e-10
data/test/nevus/ISIC_0015274.jpg,0.1336856335401535,6.0626869526458904e-05
data/test/nevus/ISIC_0015276.jpg,7.34161731088534e-05,7.104540511448931e-09
data/test/nevus/ISIC_0015279.jpg,0.002940444042906165,4.363048446975881e-07
data/test/nevus/ISIC_0015283.jpg,0.0004120156809221953,6.807137520326023e-09
data/test/nevus/ISIC_0015291.jpg,0.0007672288338653743,0.03175267204642296
data/test/nevus/ISIC_0015293.jpg,0.00039560129516758025,3.6614494547393406e-06
data/test/nevus/ISIC_0015298.jpg,3.6373978218762204e-05,4.6113657337087943e-10
data/test/nevus/ISIC_0015309.jpg,6.994816885708133e-06,0.4184754192829132
data/test/nevus/ISIC_0015310.jpg,0.08646392077207565,6.244106771191582e-05
data/test/nevus/ISIC_0015311.jpg,0.0024999987799674273,0.11335983872413635
data/test/nevus/ISIC_0015312.jpg,0.49714386463165283,2.0816075618768082e-07
data/test/nevus/ISIC_0015330.jpg,1.960809458978474e-05,3.62148093631387e-12
data/test/nevus/ISIC_0015331.jpg,1.45678422995843e-05,7.754719782981923e-11
data/test/nevus/ISIC_0015347.jpg,2.4798316611979176e-12,0.5478498935699463
data/test/nevus/ISIC_0015353.jpg,0.8982345461845398,1.9531173165887594e-05
data/test/nevus/ISIC_0015355.jpg,0.00010140752419829369,1.334649005002575e-05
data/test/nevus/ISIC_0015357.jpg,1.3762281245166541e-12,4.982450563240093e-10
data/test/nevus/ISIC_0015360.jpg,0.39310911297798157,5.835033844991955e-12
data/test/nevus/ISIC_0015363.jpg,2.687014602997806e-05,0.9985141754150391
data/test/nevus/ISIC_0015364.jpg,0.0001585906429681927,0.810891330242157
data/test/nevus/ISIC_0015368.jpg,0.18867619335651398,3.381275382707827e-05
data/test/nevus/ISIC_0015369.jpg,2.3666707704705914e-08,2.1775841574367405e-08
data/test/nevus/ISIC_0015383.jpg,0.1913122683763504,3.495528155190758e-15
data/test/nevus/ISIC_0015386.jpg,0.7697925567626953,3.0499347491996787e-09
data/test/nevus/ISIC_0015390.jpg,0.15419428050518036,0.0017430911539122462
data/test/nevus/ISIC_0015395.jpg,4.29588217230048e-05,9.971996405511163e-06
data/test/nevus/ISIC_0015403.jpg,0.0154867023229599,0.7672221064567566
data/test/nevus/ISIC_0015404.jpg,0.8121836185455322,7.848096174711827e-06
data/test/nevus/ISIC_0015411.jpg,4.360786533652572e-06,1.6093510205039685e-11
data/test/nevus/ISIC_0015412.jpg,0.032681193202733994,0.0002976710384245962
data/test/nevus/ISIC_0015416.jpg,0.06291341036558151,0.0018943267641589046
data/test/nevus/ISIC_0015417.jpg,0.026175322011113167,3.562798493728092e-12
data/test/nevus/ISIC_0015418.jpg,3.6884055589325726e-05,0.010364017449319363
data/test/nevus/ISIC_0015419.jpg,1.5363859517947276e-08,0.14249520003795624
data/test/nevus/ISIC_0015436.jpg,0.048534054309129715,2.34007646593426e-10
data/test/nevus/ISIC_0015440.jpg,0.00010419308091513813,8.498119742628152e-13
data/test/nevus/ISIC_0015447.jpg,0.16891036927700043,0.06320016831159592
data/test/nevus/ISIC_0015455.jpg,0.0016442276537418365,0.5310153365135193
data/test/nevus/ISIC_0015464.jpg,0.00422378396615386,1.1941164075324195e-06
data/test/nevus/ISIC_0015466.jpg,0.009924524463713169,5.475223829876086e-09
data/test/nevus/ISIC_0015468.jpg,0.00035580454277805984,7.501404497567421e-10
data/test/nevus/ISIC_0015476.jpg,0.0004173802153673023,2.345889975330362e-12
data/test/nevus/ISIC_0015481.jpg,0.41602036356925964,6.921437201157232e-09
data/test/nevus/ISIC_0015482.jpg,0.6739898324012756,1.6556024320379947e-06
data/test/nevus/ISIC_0015485.jpg,9.532529475109186e-06,2.867103466996923e-05
data/test/nevus/ISIC_0015510.jpg,0.003982958849519491,0.33582472801208496
data/test/nevus/ISIC_0015526.jpg,0.0065927281975746155,1.83907229722724e-12
data/test/nevus/ISIC_0015537.jpg,0.541706383228302,0.0001074594838428311
data/test/nevus/ISIC_0015544.jpg,0.386788934469223,5.66017765990523e-09
data/test/nevus/ISIC_0015559.jpg,0.006246210541576147,2.50290190706437e-06
data/test/nevus/ISIC_0015563.jpg,0.0002369494322920218,1.4629632687501726e-06
data/test/nevus/ISIC_0015566.jpg,0.0039468384347856045,8.933679906952818e-10
data/test/nevus/ISIC_0015568.jpg,0.001486924127675593,3.37155000806888e-07
data/test/nevus/ISIC_0015582.jpg,0.0008336433093063533,8.28642363059906e-11
data/test/nevus/ISIC_0015593.jpg,0.011142373085021973,1.5086558960319962e-05
data/test/nevus/ISIC_0015603.jpg,0.0003389463236089796,1.1834395996737526e-15
data/test/nevus/ISIC_0015607.jpg,0.19259291887283325,0.2576146125793457
data/test/nevus/ISIC_0015614.jpg,0.005703209433704615,0.0008168341591954231
data/test/nevus/ISIC_0015617.jpg,0.012244959361851215,0.0033179393503814936
data/test/nevus/ISIC_0015625.jpg,0.021513445302844048,1.3211712268906134e-13
data/test/nevus/ISIC_0015631.jpg,0.0003449823416303843,2.7849820980918594e-05
data/test/nevus/ISIC_0015636.jpg,0.007593754678964615,0.0002734127047006041
data/test/nevus/ISIC_0015638.jpg,3.6767822166439146e-05,3.0405570328184695e-07
data/test/nevus/ISIC_0015641.jpg,0.20259541273117065,9.729192242957652e-05
data/test/nevus/ISIC_0015645.jpg,7.015667051746277e-07,1.0137222261619172e-06
data/test/nevus/ISIC_0015936.jpg,1.3980195889828906e-09,0.25144055485725403
data/test/nevus/ISIC_0015937.jpg,3.8098656659713015e-05,2.1615390366491738e-08
data/test/nevus/ISIC_0015938.jpg,0.3669984042644501,0.0010162887629121542
data/test/nevus/ISIC_0015939.jpg,1.0383886547060683e-05,0.0002877128135878593
data/test/nevus/ISIC_0015940.jpg,0.21705536544322968,0.17836301028728485
data/test/nevus/ISIC_0015941.jpg,3.166414171573706e-05,0.0182652585208416
data/test/nevus/ISIC_0015942.jpg,9.48026013247727e-08,7.562867693211572e-11
data/test/nevus/ISIC_0015943.jpg,2.9923083388894156e-07,1.6895814042072743e-05
data/test/nevus/ISIC_0015944.jpg,0.000245366565650329,0.22811628878116608
data/test/nevus/ISIC_0015945.jpg,0.00033165168133564293,2.9147538953111507e-05
data/test/nevus/ISIC_0015946.jpg,0.0008921942207962275,7.430021651089191e-05
data/test/nevus/ISIC_0015947.jpg,2.0521097212622408e-06,1.981553765517674e-07
data/test/nevus/ISIC_0015948.jpg,2.1461700328018196e-07,1.0027915319952771e-13
data/test/nevus/ISIC_0015949.jpg,0.09819448739290237,0.0019512850558385253
data/test/nevus/ISIC_0015950.jpg,2.2520257668645583e-15,9.113712562403009e-10
data/test/nevus/ISIC_0015951.jpg,9.096646179374002e-12,2.8269068934605457e-06
data/test/nevus/ISIC_0015952.jpg,0.08101900666952133,7.244111045615412e-14
data/test/nevus/ISIC_0015953.jpg,3.6256724911254423e-07,2.3880652406660374e-06
data/test/nevus/ISIC_0015954.jpg,0.2713148593902588,1.8057394772161284e-12
data/test/nevus/ISIC_0015955.jpg,0.0005644107586704195,6.502526161966671e-07
data/test/nevus/ISIC_0015956.jpg,0.01691070757806301,1.8473662877216412e-10
data/test/nevus/ISIC_0015957.jpg,1.3797860631825642e-09,0.053893763571977615
data/test/nevus/ISIC_0015958.jpg,5.647273937370301e-08,0.1062091663479805
data/test/nevus/ISIC_0015959.jpg,0.014816171489655972,5.96806026820218e-09
data/test/nevus/ISIC_0015960.jpg,7.681525312364101e-05,7.291854518261565e-17
data/test/nevus/ISIC_0015961.jpg,5.324290759745054e-05,2.31399157385169e-16
data/test/nevus/ISIC_0015962.jpg,4.975854173139282e-10,1.618720851803701e-10
data/test/nevus/ISIC_0015963.jpg,1.0870086298089832e-12,0.023017844185233116
data/test/nevus/ISIC_0015964.jpg,1.2323575493411454e-09,2.8208431616483058e-14
data/test/nevus/ISIC_0015965.jpg,0.0009223651140928268,1.424643179305258e-14
data/test/nevus/ISIC_0015966.jpg,3.0265503028203966e-06,0.0009523560293018818
data/test/nevus/ISIC_0015967.jpg,0.0007456818129867315,1.598627896726157e-10
data/test/nevus/ISIC_0015968.jpg,0.003448877716436982,0.06530749797821045
data/test/nevus/ISIC_0015969.jpg,6.221422044205838e-09,4.390136837173486e-06
data/test/nevus/ISIC_0015971.jpg,0.013942591845989227,5.7821711379801854e-05
data/test/nevus/ISIC_0015972.jpg,1.6514115486643277e-05,0.04510587081313133
data/test/nevus/ISIC_0015973.jpg,4.026584843330738e-09,7.634470421180595e-06
data/test/nevus/ISIC_0015974.jpg,5.3302287028600404e-08,0.026774218305945396
data/test/nevus/ISIC_0015975.jpg,7.407223279187747e-09,1.79818237123347e-12
data/test/nevus/ISIC_0015976.jpg,1.7671089835857856e-06,4.693268885504198e-13
data/test/nevus/ISIC_0015978.jpg,1.385076428550569e-11,0.5068062543869019
data/test/nevus/ISIC_0015979.jpg,9.395437518833205e-05,0.00027162235346622765
data/test/nevus/ISIC_0015980.jpg,0.057039063423871994,1.9124730965547343e-10
data/test/nevus/ISIC_0015981.jpg,0.023537203669548035,3.3896022100243783e-10
data/test/nevus/ISIC_0015982.jpg,4.122261998418253e-07,2.5267536327144846e-11
data/test/nevus/ISIC_0015983.jpg,4.0979242044159037e-07,0.9998221397399902
data/test/nevus/ISIC_0015984.jpg,1.0254992730551749e-06,0.9937214255332947
data/test/nevus/ISIC_0015985.jpg,2.463528517182567e-06,3.7883463477328405e-08
data/test/nevus/ISIC_0015986.jpg,3.5770071917795576e-06,1.0614731749819528e-12
data/test/nevus/ISIC_0015987.jpg,4.1069711187446956e-06,7.768317239476019e-13
data/test/nevus/ISIC_0015988.jpg,1.915087068482535e-06,1.1690599421854131e-07
data/test/nevus/ISIC_0015989.jpg,0.0003956418950110674,9.573065540280368e-08
data/test/nevus/ISIC_0015990.jpg,0.03721122071146965,3.637509670694096e-16
data/test/nevus/ISIC_0015991.jpg,0.010176646523177624,3.081472230159754e-11
data/test/nevus/ISIC_0015992.jpg,0.0008472010376863182,1.2174465602310391e-10
data/test/nevus/ISIC_0015993.jpg,2.3411917027260642e-06,2.6242929607178667e-08
data/test/nevus/ISIC_0015994.jpg,3.404807330298354e-06,8.045749483320819e-11
data/test/nevus/ISIC_0015995.jpg,0.04237218201160431,4.2886057372015784e-08
data/test/nevus/ISIC_0015996.jpg,0.031635627150535583,1.9005162721352775e-10
data/test/nevus/ISIC_0015997.jpg,0.0015406575985252857,4.484243447677727e-07
data/test/nevus/ISIC_0015998.jpg,0.7771051526069641,2.8606325641611363e-11
data/test/nevus/ISIC_0015999.jpg,4.914129021926783e-05,5.40363143120004e-10
data/test/nevus/ISIC_0016000.jpg,0.00013593671610578895,1.6935154389940976e-09
data/test/nevus/ISIC_0016001.jpg,0.17748267948627472,0.0014222022145986557
data/test/nevus/ISIC_0016002.jpg,1.4611850929213688e-05,6.647440375928682e-10
data/test/nevus/ISIC_0016003.jpg,6.348424790303397e-07,5.205979419255213e-13
data/test/nevus/ISIC_0016004.jpg,0.25068578124046326,4.216963722658562e-10
data/test/nevus/ISIC_0016005.jpg,3.756271027555158e-08,1.062195860868087e-05
data/test/nevus/ISIC_0016006.jpg,3.4705621487773897e-07,0.9858185648918152
data/test/nevus/ISIC_0016007.jpg,0.002385995350778103,4.183356328013588e-09
data/test/nevus/ISIC_0016008.jpg,0.2630777657032013,0.00022132566664367914
data/test/nevus/ISIC_0016009.jpg,0.014348864555358887,7.0973480426062e-09
data/test/nevus/ISIC_0016011.jpg,2.6368018879452393e-08,0.16902510821819305
data/test/nevus/ISIC_0016012.jpg,3.4808092550520087e-06,7.716150987472151e-14
data/test/nevus/ISIC_0016013.jpg,1.2737372934168434e-08,0.2098636031150818
data/test/nevus/ISIC_0016014.jpg,3.3621170132391853e-06,2.2354770123911294e-07
data/test/nevus/ISIC_0016015.jpg,1.6314378399329144e-06,3.644643948064186e-05
data/test/nevus/ISIC_0016016.jpg,0.0003306287107989192,0.21352441608905792
data/test/nevus/ISIC_0016017.jpg,2.9250732040964067e-06,2.2644754127387756e-10
data/test/nevus/ISIC_0016018.jpg,1.521766108680822e-07,1.1021108470288254e-09
data/test/nevus/ISIC_0016019.jpg,5.416450949269347e-05,0.0013644107384607196
data/test/nevus/ISIC_0016022.jpg,0.01220130454748869,9.000777367873525e-07
data/test/nevus/ISIC_0016023.jpg,5.098126010238957e-08,3.669034143172212e-08
data/test/nevus/ISIC_0016024.jpg,0.10354999452829361,0.00036246899981051683
data/test/nevus/ISIC_0016025.jpg,0.0005472069606184959,1.394316926457348e-13
data/test/nevus/ISIC_0016026.jpg,1.816532618770239e-10,1.296417195817412e-07
data/test/nevus/ISIC_0016027.jpg,9.385489781188472e-12,8.662430772687912e-09
data/test/nevus/ISIC_0016028.jpg,5.25693583715986e-13,0.2842555642127991
data/test/nevus/ISIC_0016029.jpg,0.45539531111717224,1.4258756664276007e-06
data/test/nevus/ISIC_0016030.jpg,0.005548981949687004,7.031656679146181e-08
data/test/nevus/ISIC_0016031.jpg,0.6729339957237244,3.259164941482595e-06
data/test/nevus/ISIC_0016033.jpg,0.007632523775100708,0.00014981173444539309
data/test/nevus/ISIC_0016034.jpg,0.0013388822553679347,1.9908509784727357e-05
data/test/nevus/ISIC_0016035.jpg,0.000580941850785166,0.79637211561203
data/test/nevus/ISIC_0016036.jpg,0.0013591520255431533,0.33066850900650024
data/test/nevus/ISIC_0016037.jpg,0.011191788129508495,0.00025301784626208246
data/test/nevus/ISIC_0016038.jpg,1.74885556702975e-07,4.069639908266254e-05
data/test/nevus/ISIC_0016040.jpg,0.0008884647395461798,4.45970545115415e-06
data/test/nevus/ISIC_0016041.jpg,1.6104667110994342e-07,0.9964420795440674
data/test/nevus/ISIC_0016042.jpg,9.581038284522947e-06,6.355867498974987e-10
data/test/nevus/ISIC_0016043.jpg,1.0420176295156125e-06,5.102533506828877e-08
data/test/nevus/ISIC_0016044.jpg,9.776754059109827e-13,2.962498302228056e-11
data/test/nevus/ISIC_0016045.jpg,4.251126301824115e-05,1.8361532780342138e-11
data/test/nevus/ISIC_0016046.jpg,0.029361406341195107,1.3208215250415378e-06
data/test/nevus/ISIC_0016048.jpg,7.965946133481339e-05,4.82088801929785e-15
data/test/nevus/ISIC_0016049.jpg,0.24777358770370483,1.2404517690800532e-10
data/test/nevus/ISIC_0016050.jpg,0.0030969989020377398,6.136609016077488e-12
data/test/nevus/ISIC_0016051.jpg,0.06748636066913605,5.8118313717159253e-08
data/test/nevus/ISIC_0016052.jpg,0.03882371634244919,1.63838635103275e-07
data/test/nevus/ISIC_0016053.jpg,0.0011813329765573144,9.891726326927142e-11
data/test/nevus/ISIC_0016054.jpg,1.8929147138635471e-10,0.9739212989807129
data/test/nevus/ISIC_0016055.jpg,0.001659926027059555,6.022704002184298e-10
data/test/nevus/ISIC_0016056.jpg,0.010797920636832714,8.316161981269943e-09
data/test/nevus/ISIC_0016057.jpg,0.36834916472435,9.593358746284864e-11
data/test/nevus/ISIC_0016058.jpg,1.741672364869492e-14,0.0032176505774259567
data/test/nevus/ISIC_0016059.jpg,0.005743354093283415,7.085634917393523e-18
data/test/nevus/ISIC_0016060.jpg,4.1151219193125144e-05,3.099426848507392e-08
data/test/nevus/ISIC_0016061.jpg,0.20718199014663696,4.908394757308088e-08
data/test/nevus/ISIC_0016062.jpg,0.022012563422322273,4.379259177511585e-10
data/test/nevus/ISIC_0016063.jpg,0.0005868374719284475,7.807728123971139e-14
data/test/nevus/ISIC_0016064.jpg,3.0195156796253286e-05,3.611353065480216e-07
data/test/nevus/ISIC_0016065.jpg,5.524445896298857e-06,1.153394714492606e-05
data/test/nevus/ISIC_0016066.jpg,0.3811715543270111,0.0001590205793036148
data/test/nevus/ISIC_0016068.jpg,0.9151867032051086,9.782949064174318e-07
data/test/nevus/ISIC_0016069.jpg,0.009933916851878166,3.1156619684225006e-07
data/test/nevus/ISIC_0016070.jpg,1.118626528295863e-06,3.1389563257683273e-12
data/test/nevus/ISIC_0016071.jpg,0.004118632059544325,5.427892357801056e-09
data/test/nevus/ISIC_0016072.jpg,0.4126088321208954,0.001877840026281774
data/test/seborrheic_keratosis/ISIC_0012086.jpg,0.01959330216050148,0.9609615206718445
data/test/seborrheic_keratosis/ISIC_0012134.jpg,5.99866254447079e-08,0.9999993443489075
data/test/seborrheic_keratosis/ISIC_0012136.jpg,0.0013062175130471587,0.9885385632514954
data/test/seborrheic_keratosis/ISIC_0012178.jpg,1.0597704402925956e-07,0.8306474685668945
data/test/seborrheic_keratosis/ISIC_0012199.jpg,0.866874635219574,0.2641250789165497
data/test/seborrheic_keratosis/ISIC_0012207.jpg,6.241859864530852e-06,0.9458000659942627
data/test/seborrheic_keratosis/ISIC_0012215.jpg,2.1406887753983028e-05,0.9992193579673767
data/test/seborrheic_keratosis/ISIC_0012223.jpg,0.004199993330985308,0.0018583879573270679
data/test/seborrheic_keratosis/ISIC_0012240.jpg,5.617102942778729e-05,0.9095521569252014
data/test/seborrheic_keratosis/ISIC_0012248.jpg,0.11803477257490158,0.17050112783908844
data/test/seborrheic_keratosis/ISIC_0012265.jpg,0.540758490562439,0.0003868501808028668
data/test/seborrheic_keratosis/ISIC_0012266.jpg,0.6450388431549072,0.22197026014328003
data/test/seborrheic_keratosis/ISIC_0012272.jpg,3.5831112654705066e-07,0.8069322109222412
data/test/seborrheic_keratosis/ISIC_0012273.jpg,1.581359754254663e-08,1.0
data/test/seborrheic_keratosis/ISIC_0012314.jpg,2.6392226573079824e-06,0.0858292505145073
data/test/seborrheic_keratosis/ISIC_0012323.jpg,5.45276179764187e-07,0.9339506030082703
data/test/seborrheic_keratosis/ISIC_0012330.jpg,0.0008695432916283607,0.045328304171562195
data/test/seborrheic_keratosis/ISIC_0012358.jpg,5.347708498248949e-09,1.0
data/test/seborrheic_keratosis/ISIC_0012364.jpg,3.790063374253805e-09,0.9932723641395569
data/test/seborrheic_keratosis/ISIC_0012372.jpg,4.5704809396504825e-15,0.9999997019767761
data/test/seborrheic_keratosis/ISIC_0012375.jpg,1.691870532560813e-09,0.9999840259552002
data/test/seborrheic_keratosis/ISIC_0012387.jpg,3.14700145054303e-07,0.9997009634971619
data/test/seborrheic_keratosis/ISIC_0012388.jpg,8.605681949382452e-14,0.9999992847442627
data/test/seborrheic_keratosis/ISIC_0012414.jpg,1.577410330355633e-05,0.07006161659955978
data/test/seborrheic_keratosis/ISIC_0012428.jpg,7.694443837635845e-08,0.0006180630880407989
data/test/seborrheic_keratosis/ISIC_0012432.jpg,2.555748039867467e-07,0.21050047874450684
data/test/seborrheic_keratosis/ISIC_0012447.jpg,2.6050482119899243e-05,0.9954341053962708
data/test/seborrheic_keratosis/ISIC_0012448.jpg,5.699977918993682e-05,0.8752487301826477
data/test/seborrheic_keratosis/ISIC_0012510.jpg,4.6325808966685145e-07,0.0022080016788095236
data/test/seborrheic_keratosis/ISIC_0012522.jpg,5.827847053296864e-05,0.1994275450706482
data/test/seborrheic_keratosis/ISIC_0012537.jpg,5.645426834344214e-12,0.9158498644828796
data/test/seborrheic_keratosis/ISIC_0012548.jpg,2.6478071504243417e-06,0.9999904632568359
data/test/seborrheic_keratosis/ISIC_0012705.jpg,0.038609735667705536,0.9188651442527771
data/test/seborrheic_keratosis/ISIC_0012757.jpg,1.0020461793658342e-08,0.9992516040802002
data/test/seborrheic_keratosis/ISIC_0012786.jpg,2.842445612216693e-09,0.9999940991401672
data/test/seborrheic_keratosis/ISIC_0012848.jpg,0.003476020647212863,0.0023210563231259584
data/test/seborrheic_keratosis/ISIC_0012852.jpg,3.559543305454212e-15,0.643817126750946
data/test/seborrheic_keratosis/ISIC_0012928.jpg,4.245326746393774e-12,0.6838731169700623
data/test/seborrheic_keratosis/ISIC_0012955.jpg,3.0749092161386216e-07,0.7336141467094421
data/test/seborrheic_keratosis/ISIC_0012974.jpg,3.5783199320293946e-12,0.9999405741691589
data/test/seborrheic_keratosis/ISIC_0013030.jpg,1.5977519307597277e-10,0.9999834895133972
data/test/seborrheic_keratosis/ISIC_0013035.jpg,3.3804067878229205e-10,0.9998595118522644
data/test/seborrheic_keratosis/ISIC_0013085.jpg,3.078746813045541e-09,0.9999650120735168
data/test/seborrheic_keratosis/ISIC_0013169.jpg,1.1357869311723334e-08,0.9999975562095642
data/test/seborrheic_keratosis/ISIC_0013170.jpg,3.6694595451081113e-07,0.5814216732978821
data/test/seborrheic_keratosis/ISIC_0013203.jpg,5.208487720981259e-13,0.6879679560661316
data/test/seborrheic_keratosis/ISIC_0013270.jpg,0.9188597798347473,1.5918927287472684e-09
data/test/seborrheic_keratosis/ISIC_0013271.jpg,5.784069935927923e-15,0.9999316334724426
data/test/seborrheic_keratosis/ISIC_0013281.jpg,0.0008619292639195919,0.9999420642852783
data/test/seborrheic_keratosis/ISIC_0013319.jpg,0.8765401244163513,0.9989259243011475
data/test/seborrheic_keratosis/ISIC_0013393.jpg,7.169880245072591e-10,0.1943899393081665
data/test/seborrheic_keratosis/ISIC_0013465.jpg,1.0018438842962496e-05,0.9990745186805725
data/test/seborrheic_keratosis/ISIC_0013673.jpg,0.00012251354928594083,0.37144407629966736
data/test/seborrheic_keratosis/ISIC_0013708.jpg,9.773014397751467e-08,1.0
data/test/seborrheic_keratosis/ISIC_0013764.jpg,0.9729888439178467,0.023553872480988503
data/test/seborrheic_keratosis/ISIC_0013977.jpg,3.983306393062769e-11,0.9919028282165527
data/test/seborrheic_keratosis/ISIC_0014006.jpg,0.5852769017219543,0.0014388920972123742
data/test/seborrheic_keratosis/ISIC_0014177.jpg,6.558207587659126e-06,0.999853789806366
data/test/seborrheic_keratosis/ISIC_0014251.jpg,6.0825899709016085e-05,0.9999957084655762
data/test/seborrheic_keratosis/ISIC_0014278.jpg,5.3342830597102875e-08,0.9999772906303406
data/test/seborrheic_keratosis/ISIC_0014386.jpg,4.770565609213406e-10,0.3353748321533203
data/test/seborrheic_keratosis/ISIC_0014392.jpg,0.808539867401123,0.9993147850036621
data/test/seborrheic_keratosis/ISIC_0014409.jpg,0.016023151576519012,5.768436039943481e-06
data/test/seborrheic_keratosis/ISIC_0014419.jpg,2.1286830360622844e-06,0.7072537541389465
data/test/seborrheic_keratosis/ISIC_0014457.jpg,0.024029770866036415,1.183839581919699e-09
data/test/seborrheic_keratosis/ISIC_0014474.jpg,4.039982925974073e-08,0.9999337196350098
data/test/seborrheic_keratosis/ISIC_0014500.jpg,4.688953595177736e-06,0.3590722382068634
data/test/seborrheic_keratosis/ISIC_0014503.jpg,9.833472230935669e-11,0.6543164849281311
data/test/seborrheic_keratosis/ISIC_0014567.jpg,5.519279130949961e-11,0.9997615814208984
data/test/seborrheic_keratosis/ISIC_0014574.jpg,0.0033958572894334793,0.6779343485832214
data/test/seborrheic_keratosis/ISIC_0014575.jpg,0.005539506673812866,0.9999973773956299
data/test/seborrheic_keratosis/ISIC_0014586.jpg,0.011514026671648026,0.0005827660206705332
data/test/seborrheic_keratosis/ISIC_0014587.jpg,9.847911996985204e-07,0.8519246578216553
data/test/seborrheic_keratosis/ISIC_0014588.jpg,7.686451475308331e-09,0.6186226606369019
data/test/seborrheic_keratosis/ISIC_0014590.jpg,2.6335161237511784e-05,0.9999244809150696
data/test/seborrheic_keratosis/ISIC_0014600.jpg,0.011628913693130016,0.11961141973733902
data/test/seborrheic_keratosis/ISIC_0014619.jpg,0.0005912246997468174,0.9758089184761047
data/test/seborrheic_keratosis/ISIC_0014626.jpg,0.0009024511673487723,0.9999473690986633
data/test/seborrheic_keratosis/ISIC_0014627.jpg,7.458124429149393e-08,0.9999242424964905
data/test/seborrheic_keratosis/ISIC_0014629.jpg,3.8656584365526214e-05,0.9999999403953552
data/test/seborrheic_keratosis/ISIC_0014631.jpg,4.350571014555271e-09,0.03534461930394173
data/test/seborrheic_keratosis/ISIC_0014634.jpg,1.9401689144160628e-09,0.9999998211860657
data/test/seborrheic_keratosis/ISIC_0014643.jpg,1.8704978538286454e-11,0.9999847412109375
data/test/seborrheic_keratosis/ISIC_0014644.jpg,3.001347295139567e-07,0.9975364804267883
data/test/seborrheic_keratosis/ISIC_0014645.jpg,2.154212398741695e-11,0.9996491074562073
data/test/seborrheic_keratosis/ISIC_0014647.jpg,2.8203507440593967e-07,0.834716796875
data/test/seborrheic_keratosis/ISIC_0014648.jpg,2.5811106585393873e-09,0.9998713135719299
data/test/seborrheic_keratosis/ISIC_0014649.jpg,1.0216983925559475e-09,0.9996299743652344
data/test/seborrheic_keratosis/ISIC_0014652.jpg,0.12483376264572144,0.00218647881411016
data/test/seborrheic_keratosis/ISIC_0014653.jpg,3.25840574078029e-07,0.9999192357063293
